coolo@novell.com	Stephan Kulow
coolo@suse.de	Stephan Kulow
detlef@links2linux.de	Detlef Reichel
dmueller@suse.de	Dirk Mueller
lnussel@suse.de	Ludwig Nussel
meissner@suse.de	Marcus Meissner
mls@suse.de	Michael Schroeder
mmarek@suse.cz	Michal Marek
rguenther@suse.de	Richard Guenther
ro@suse.de	Rüdiger Oertel
sbrabec@suse.cz	Stanislav Brabec
werner@suse.de	Werner Fink
bs@suse.de	Burchard Steinbild
uli@suse.de	Ulrich Hecht
bk@suse.de	Bernhard Kaindl
kettner@suse.de	Mathias Kettner
garloff@suse.de	Kurt Garloff
mantel@suse.de	Hubert Mantel
kukuk@suse.de	Thorsten Kukuk
snwint@suse.de	Steffen Winterfeldt
kkeil@suse.de	Karsten Keil
schwab@suse.de	Andreas Schwab
olh@suse.de	Olaf Hering
kasal@suse.cz	Stepan Kasal
kendy@suse.cz	Jan Holesovsky
fehr@suse.de	Thomas Fehr
grimmer@suse.de	Lenz Grimmer
arvin@suse.de	Arvin Schnell
draht@suse.de	Roman Drahtmüller
froh@suse.de	Susanne Oberhauser
mfabian@suse.de	Mike Fabian
cstein@suse.de	Christian Steinruecken
poeml@suse.de	Peter Poeml
zoz@suse.de	Christian Zoz
stepan@suse.de	Stefan Reinauer
sndirsch@suse.de	Stefan Dirsch
tiwai@suse.de	Takashi Iwai
msvec@suse.de	Michal Svec
msvec@suse.cz	Michal Svec
jsrain@suse.cz	Jiří Šrain
ihno@suse.de	Ihno Krumreich
pthomas@suse.de	Philipp Thomas
agruen@suse.de	Andreas Gruenbacher
lmb@suse.de	Lars Marowsky-Brée
mludvig@suse.cz	Michal Ludvig
trenn@suse.de	Thomas Renninger
mjancar@suse.cz	Marian Jancar
mmj@suse.de	Mads Martin Joergensen
nashif@suse.de	Anas Nashif
adrian@suse.de	Adrian Schröter
lmuelle@suse.de	Lars Mueller
hare@suse.de	Hannes Reinecke
aj@suse.de	Andreas Jaeger
cthiel@suse.de	Christoph Thiel
kssingvo@suse.de	Klaus Singvogel
seife@suse.de	Stefan Seyfried
varkoly@suse.de	Peter Varkoly
mkoenig@suse.de	Matthias Koenig
jjolly@suse.de	John Jolly
mrueckert@suse.de	Marcus Rueckert
dkukawka@suse.de	Danny Kukawka
lrupp@suse.de	Lars Vogdt
sassmann@suse.de	Stefan Assmann
mvyskocil@suse.cz	Michal Vyskocil
pbaudis@suse.cz	Petr Baudis
cristian.rodriguez@opensuse.org	Cristian Rodríguez
